[{
  "title": "Rocky Part 1",
  "description": "Rocky is a series of American boxing sports drama films. The first film, Rocky (1976), and its five sequels centered on the boxing career of the eponymous fictional character, Rocky Balboa (Sylvester Stallone). For the seventh and eighth, spin-off-sequels Creed (2015), and Creed II (2018), the series shifted towards Adonis Creed (Michael B. Jordan), the son of Rocky's deceased rival and friend Apollo Creed (Carl Weathers) as the titular boxer.",
  "image": "https://upload.wikimedia.org/wikipedia/en/8/84/Rocky_anthology_dvd_cover.jpg",
  "director": "Paras Paul",
  "rating": 5,
  "categories": [
    "Action"
  ]
}
]