{
	"info": {
		"_postman_id": "27417122-05d2-4e89-9405-789ae5cf0c1c",
		"name": "Autothon2019",
		"schema": "https://schema.getpostman.com/json/collection/v2.1.0/collection.json"
	},
	"item": [
		{
			"name": "Login Admin",
			"event": [
				{
					"listen": "test",
					"script": {
						"id": "71f4a479-0967-440e-ab05-337c50a87f1a",
						"exec": [
							"pm.test(\"Status code is 200\", function () {",
							"    pm.response.to.have.status(200);",
							"});",
							"pm.test(\"Validate User Role Is Admin\", function () {",
							"    var jsonData = pm.response.json();",
							"    let sessionId = jsonData.id;",
							"    pm.environment.set(\"session_id\", sessionId);",
							"    pm.expect(jsonData.isAdmin).to.eql(true);",
							"});"
						],
						"type": "text/javascript"
					}
				}
			],
			"request": {
				"method": "POST",
				"header": [
					{
						"key": "Content-Type",
						"name": "Content-Type",
						"value": "application/json",
						"type": "text"
					}
				],
				"body": {
					"mode": "raw",
					"raw": "{\r\n  \"username\": \"admin\",\r\n  \"password\": \"password\"\r\n}",
					"options": {
						"raw": {
							"language": "json"
						}
					}
				},
				"url": {
					"raw": "{{Host}}/login",
					"host": [
						"{{Host}}"
					],
					"path": [
						"login"
					]
				}
			},
			"response": []
		},
		{
			"name": "Add Movie",
			"event": [
				{
					"listen": "test",
					"script": {
						"id": "7be83cab-3057-4188-9a19-9669a035f035",
						"exec": [
							"pm.test(\"Status code is 200\", function () {",
							"    pm.response.to.have.status(200);",
							"});",
							"",
							"pm.test(\"Your test name\", function () {",
							"    var jsonData = pm.response.json();",
							"    let movieId = jsonData.id;",
							"    pm.environment.set(\"movie_id\", movieId);",
							"});"
						],
						"type": "text/javascript"
					}
				}
			],
			"request": {
				"method": "POST",
				"header": [
					{
						"key": "Content-Type",
						"name": "Content-Type",
						"value": "application/json",
						"type": "text"
					},
					{
						"key": "user",
						"value": "{{session_id}}",
						"type": "text"
					}
				],
				"body": {
					"mode": "raw",
					"raw": "{\n    \"movie\": {\n        \"rating\": \"{{rating}}\",\n        \"title\": \"{{title}}\",\n        \"description\": \"{{description}}\",\n        \"categories\": \"{{categories}}\",\n        \"image\": \"{{image}}\",\n        \"director\": \"{{director}}\"\n    }\n}",
					"options": {
						"raw": {
							"language": "json"
						}
					}
				},
				"url": {
					"raw": "{{Host}}/movies",
					"host": [
						"{{Host}}"
					],
					"path": [
						"movies"
					]
				}
			},
			"response": []
		},
		{
			"name": "Add Duplicate Movie",
			"event": [
				{
					"listen": "test",
					"script": {
						"id": "7be83cab-3057-4188-9a19-9669a035f035",
						"exec": [
							"pm.test(\"Status code is 400\", function () {",
							"    pm.response.to.have.status(400);",
							"});"
						],
						"type": "text/javascript"
					}
				}
			],
			"request": {
				"method": "POST",
				"header": [
					{
						"key": "Content-Type",
						"name": "Content-Type",
						"type": "text",
						"value": "application/json"
					},
					{
						"key": "user",
						"type": "text",
						"value": "{{session_id}}"
					}
				],
				"body": {
					"mode": "raw",
					"raw": "{\n    \"movie\": {\n        \"rating\": \"{{rating}}\",\n        \"title\": \"{{title}}\",\n        \"description\": \"{{description}}\",\n        \"categories\": \"{{categories}}\",\n        \"image\": \"{{image}}\",\n        \"director\": \"{{director}}\"\n    }\n}",
					"options": {
						"raw": {
							"language": "json"
						}
					}
				},
				"url": {
					"raw": "{{Host}}/movies",
					"host": [
						"{{Host}}"
					],
					"path": [
						"movies"
					]
				}
			},
			"response": []
		},
		{
			"name": "Get Movies",
			"event": [
				{
					"listen": "test",
					"script": {
						"id": "d6a45cc7-b13e-42ce-a137-038c07233a7f",
						"exec": [
							"pm.test(\"Status code is 200\", function () {",
							"    pm.response.to.have.status(200);",
							"});",
							"",
							"pm.test(\"Validate Movie Is Available\", function () {",
							"    var jsonData = pm.response.json();",
							"    let movieId = pm.environment.get(\"movie_id\"); ",
							"    console.log(movieId);",
							"    let isMovieAvailable = jsonData.filter(x=>x.id === movieId).length == 1;",
							"    console.log(isMovieAvailable);",
							"    pm.expect(isMovieAvailable).to.eql(true);",
							"});"
						],
						"type": "text/javascript"
					}
				}
			],
			"request": {
				"method": "GET",
				"header": [],
				"url": {
					"raw": "{{Host}}/movies",
					"host": [
						"{{Host}}"
					],
					"path": [
						"movies"
					]
				}
			},
			"response": []
		}
	],
	"protocolProfileBehavior": {}
}